features_used,loss,accuracy
mfcc,1.6304044723510742,0.4679611623287201
chroma,1.9203855991363523,0.3436893224716186
mel,1.5775600671768188,0.6077669858932495
contrast,1.6745712757110596,0.4233009815216064
tonnetz,1.8399357795715328,0.3669902980327606
tempogram,1.555701732635498,0.5135922431945801
rms,2.048622131347656,0.2718446552753448
spectral_flux,2.0288021564483643,0.253398060798645
onset,1.9996747970581048,0.2436893135309219
tempo,1.9068615436553955,0.3844660222530365
mfcc+chroma,1.4894661903381348,0.5621359348297119
mfcc+mel,1.4290199279785156,0.6592233180999756
mfcc+contrast,1.3626089096069336,0.5796116590499878
mfcc+tonnetz,1.441641926765442,0.5718446373939514
mfcc+tempogram,1.3379278182983398,0.6165048480033875
mfcc+rms,1.5417826175689695,0.5145630836486816
mfcc+spectral_flux,1.6106975078582764,0.4951456189155578
mfcc+onset,1.5226097106933594,0.4883495271205902
mfcc+tempo,1.4841283559799194,0.5699028968811035
chroma+mel,1.494071364402771,0.6436893343925476
chroma+contrast,1.511207938194275,0.5339806079864502
chroma+tonnetz,1.7426093816757202,0.4271844625473022
chroma+tempogram,1.37235689163208,0.59126216173172
chroma+rms,1.7622299194335938,0.4242718517780304
chroma+spectral_flux,1.7773716449737549,0.4135922193527221
chroma+onset,1.7930465936660769,0.3970873653888702
chroma+tempo,1.7201699018478394,0.491262137889862
mel+contrast,1.4223800897598269,0.6300970911979675
mel+tonnetz,1.4742445945739746,0.6252427101135254
mel+tempogram,1.3807950019836426,0.6533980369567871
mel+rms,1.581196427345276,0.5864077806472778
mel+spectral_flux,1.5820767879486084,0.5805824995040894
mel+onset,1.4871859550476074,0.6116504669189453
mel+tempo,1.6227424144744873,0.5553398132324219
contrast+tonnetz,1.4926655292510986,0.5281553268432617
contrast+tempogram,1.3149923086166382,0.6320388317108154
contrast+rms,1.5473006963729858,0.4825242757797241
contrast+spectral_flux,1.573421835899353,0.4718446731567383
contrast+onset,1.574848771095276,0.4747572839260101
contrast+tempo,1.4976662397384644,0.5339806079864502
tonnetz+tempogram,1.3779367208480835,0.5970873832702637
tonnetz+rms,1.704970359802246,0.4135922193527221
tonnetz+spectral_flux,1.724966049194336,0.3922330141067505
tonnetz+onset,1.766506910324097,0.3737864196300506
tonnetz+tempo,1.6037087440490725,0.5019417405128479
tempogram+rms,1.461778163909912,0.5815533995628357
tempogram+spectral_flux,1.4840176105499268,0.5582524538040161
tempogram+onset,1.4621247053146362,0.5650485157966614
tempogram+tempo,1.5181840658187866,0.5388349294662476
rms+spectral_flux,1.940482258796692,0.3262135982513428
rms+onset,1.8080881834030151,0.3747572898864746
rms+tempo,1.7821441888809204,0.4446601867675781
spectral_flux+onset,1.828831672668457,0.3398058116436004
spectral_flux+tempo,1.7851896286010742,0.4116504788398742
onset+tempo,1.7237743139266968,0.4310679733753204
mfcc+chroma+mel,1.3959351778030396,0.6766990423202515
mfcc+chroma+contrast,1.2279921770095823,0.6417475938796997
mfcc+chroma+tonnetz,1.3567732572555542,0.6155340075492859
mfcc+chroma+tempogram,1.329509735107422,0.6398058533668518
mfcc+chroma+rms,1.4137656688690186,0.5961164832115173
mfcc+chroma+spectral_flux,1.3759219646453855,0.6184465885162354
mfcc+chroma+onset,1.3551403284072876,0.606796145439148
mfcc+chroma+tempo,1.377363681793213,0.6281553506851196
mfcc+mel+contrast,1.2047219276428225,0.7524271607398987
mfcc+mel+tonnetz,1.443580150604248,0.6427184343338013
mfcc+mel+tempogram,1.2765305042266846,0.6786407828330994
mfcc+mel+rms,1.4386333227157593,0.6844660043716431
mfcc+mel+spectral_flux,1.4174495935440063,0.6912621259689331
mfcc+mel+onset,1.4237650632858276,0.6466019153594971
mfcc+mel+tempo,1.4293678998947144,0.6601941585540771
mfcc+contrast+tonnetz,1.2286745309829712,0.6514562964439392
mfcc+contrast+tempogram,1.219395637512207,0.6844660043716431
mfcc+contrast+rms,1.292357087135315,0.6310679316520691
mfcc+contrast+spectral_flux,1.274899125099182,0.6339805722236633
mfcc+contrast+onset,1.3001985549926758,0.6252427101135254
mfcc+contrast+tempo,1.2667747735977173,0.6456310749053955
mfcc+tonnetz+tempogram,1.260772705078125,0.6669902801513672
mfcc+tonnetz+rms,1.4211852550506592,0.5708737969398499
mfcc+tonnetz+spectral_flux,1.4107476472854614,0.5747572779655457
mfcc+tonnetz+onset,1.3648253679275513,0.5786407589912415
mfcc+tonnetz+tempo,1.3274325132369995,0.6495145559310913
mfcc+tempogram+rms,1.3040422201156616,0.6330097317695618
mfcc+tempogram+spectral_flux,1.3174850940704346,0.6349514722824097
mfcc+tempogram+onset,1.3861498832702637,0.6097087264060974
mfcc+tempogram+tempo,1.368618369102478,0.6087378859519958
mfcc+rms+spectral_flux,1.4841047525405884,0.5524271726608276
mfcc+rms+onset,1.4193153381347656,0.5524271726608276
mfcc+rms+tempo,1.4371646642684937,0.5893203616142273
mfcc+spectral_flux+onset,1.4080129861831665,0.5495145916938782
mfcc+spectral_flux+tempo,1.454598903656006,0.5873786211013794
mfcc+onset+tempo,1.358686089515686,0.6126213669776917
chroma+mel+contrast,1.308802366256714,0.7048543691635132
chroma+mel+tonnetz,1.4337204694747925,0.6300970911979675
chroma+mel+tempogram,1.3023842573165894,0.6873786449432373
chroma+mel+rms,1.4940627813339231,0.6427184343338013
chroma+mel+spectral_flux,1.4929603338241575,0.6388349533081055
chroma+mel+onset,1.434389352798462,0.6582524180412292
chroma+mel+tempo,1.5234122276306152,0.6145631074905396
chroma+contrast+tonnetz,1.3912572860717771,0.5796116590499878
chroma+contrast+tempogram,1.258328199386597,0.6689320206642151
chroma+contrast+rms,1.4076910018920898,0.5766990184783936
chroma+contrast+spectral_flux,1.4369029998779297,0.566990315914154
chroma+contrast+onset,1.421088933944702,0.5640776753425598
chroma+contrast+tempo,1.4095550775527954,0.5902912616729736
chroma+tonnetz+tempogram,1.302052021026611,0.606796145439148
chroma+tonnetz+rms,1.610312581062317,0.4728155434131622
chroma+tonnetz+spectral_flux,1.6236706972122192,0.4504854381084442
chroma+tonnetz+onset,1.6528730392456057,0.46116504073143
chroma+tonnetz+tempo,1.5720161199569702,0.5271844863891602
chroma+tempogram+rms,1.3884142637252808,0.6077669858932495
chroma+tempogram+spectral_flux,1.365649700164795,0.6126213669776917
chroma+tempogram+onset,1.4256480932235718,0.5796116590499878
chroma+tempogram+tempo,1.4587842226028442,0.5941747426986694
chroma+rms+spectral_flux,1.7116087675094604,0.4417475759983063
chroma+rms+onset,1.6381975412368774,0.4601941704750061
chroma+rms+tempo,1.595799684524536,0.5174757242202759
chroma+spectral_flux+onset,1.674453854560852,0.4495145678520202
chroma+spectral_flux+tempo,1.6286969184875488,0.4854368865489959
chroma+onset+tempo,1.609729886054993,0.5262135863304138
mel+contrast+tonnetz,1.3155088424682615,0.6669902801513672
mel+contrast+tempogram,1.2249937057495115,0.7165048718452454
mel+contrast+rms,1.3245337009429932,0.6961165070533752
mel+contrast+spectral_flux,1.3497674465179443,0.6834951639175415
mel+contrast+onset,1.3884618282318115,0.6407766938209534
mel+contrast+tempo,1.3893680572509766,0.6533980369567871
mel+tonnetz+tempogram,1.2692229747772217,0.6990291476249695
mel+tonnetz+rms,1.45550537109375,0.6223300695419312
mel+tonnetz+spectral_flux,1.4858566522598269,0.6135922074317932
mel+tonnetz+onset,1.4849694967269895,0.6048543453216553
mel+tonnetz+tempo,1.5127323865890503,0.6009708642959595
mel+tempogram+rms,1.336467981338501,0.6533980369567871
mel+tempogram+spectral_flux,1.3407971858978271,0.6601941585540771
mel+tempogram+onset,1.345755696296692,0.6631067991256714
mel+tempogram+tempo,1.3701045513153076,0.6699029207229614
mel+rms+spectral_flux,1.6309083700180054,0.5631067752838135
mel+rms+onset,1.515255093574524,0.5834951400756836
mel+rms+tempo,1.5508253574371338,0.6145631074905396
mel+spectral_flux+onset,1.490046143531799,0.6116504669189453
mel+spectral_flux+tempo,1.5850844383239746,0.5844660401344299
mel+onset+tempo,1.4895261526107788,0.6320388317108154
contrast+tonnetz+tempogram,1.2635408639907837,0.6601941585540771
contrast+tonnetz+rms,1.3890255689620972,0.5699028968811035
contrast+tonnetz+spectral_flux,1.4127951860427856,0.5553398132324219
contrast+tonnetz+onset,1.416313886642456,0.5436893105506897
contrast+tonnetz+tempo,1.3710530996322632,0.6019417643547058
contrast+tempogram+rms,1.2975183725357056,0.6495145559310913
contrast+tempogram+spectral_flux,1.2877553701400757,0.6427184343338013
contrast+tempogram+onset,1.303576946258545,0.6310679316520691
contrast+tempogram+tempo,1.364974021911621,0.6087378859519958
contrast+rms+spectral_flux,1.5387215614318848,0.4932038784027099
contrast+rms+onset,1.4525861740112305,0.5194174647331238
contrast+rms+tempo,1.4049690961837769,0.5708737969398499
contrast+spectral_flux+onset,1.467126488685608,0.5262135863304138
contrast+spectral_flux+tempo,1.4135364294052124,0.5776699185371399
contrast+onset+tempo,1.3852607011795044,0.5728155374526978
tonnetz+tempogram+rms,1.3532990217208862,0.6155340075492859
tonnetz+tempogram+spectral_flux,1.3346476554870603,0.6155340075492859
tonnetz+tempogram+onset,1.337093949317932,0.606796145439148
tonnetz+tempogram+tempo,1.3792098760604858,0.5970873832702637
tonnetz+rms+spectral_flux,1.6771671772003174,0.4291262030601501
tonnetz+rms+onset,1.6302087306976318,0.4417475759983063
tonnetz+rms+tempo,1.531581163406372,0.5252427458763123
tonnetz+spectral_flux+onset,1.6424062252044678,0.4242718517780304
tonnetz+spectral_flux+tempo,1.549402356147766,0.5203883647918701
tonnetz+onset+tempo,1.554366946220398,0.4951456189155578
tempogram+rms+spectral_flux,1.4443341493606567,0.5553398132324219
tempogram+rms+onset,1.4290971755981443,0.5834951400756836
tempogram+rms+tempo,1.470051884651184,0.5718446373939514
tempogram+spectral_flux+onset,1.4435878992080688,0.5873786211013794
tempogram+spectral_flux+tempo,1.4343929290771484,0.5834951400756836
tempogram+onset+tempo,1.48051118850708,0.5650485157966614
rms+spectral_flux+onset,1.774042725563049,0.3912621438503265
rms+spectral_flux+tempo,1.731512427330017,0.4475728273391723
rms+onset+tempo,1.6019033193588257,0.4893203973770141
spectral_flux+onset+tempo,1.6149399280548096,0.4932038784027099
mfcc+chroma+mel+contrast,1.2662780284881592,0.7135922312736511
mfcc+chroma+mel+tonnetz,1.3167167901992798,0.7048543691635132
mfcc+chroma+mel+tempogram,1.2627716064453125,0.708737850189209
mfcc+chroma+mel+rms,1.4148883819580078,0.677669882774353
mfcc+chroma+mel+spectral_flux,1.371005892753601,0.686407744884491
mfcc+chroma+mel+onset,1.2906944751739502,0.7126213312149048
mfcc+chroma+mel+tempo,1.3925586938858032,0.6796116232872009
mfcc+chroma+contrast+tonnetz,1.181426763534546,0.6834951639175415
mfcc+chroma+contrast+tempogram,1.204405426979065,0.7029126286506653
mfcc+chroma+contrast+rms,1.188655138015747,0.6766990423202515
mfcc+chroma+contrast+spectral_flux,1.1818159818649292,0.6883494853973389
mfcc+chroma+contrast+onset,1.167897343635559,0.6922330260276794
mfcc+chroma+contrast+tempo,1.2010090351104736,0.6796116232872009
mfcc+chroma+tonnetz+tempogram,1.2301177978515625,0.6951456069946289
mfcc+chroma+tonnetz+rms,1.311152458190918,0.6417475938796997
mfcc+chroma+tonnetz+spectral_flux,1.307380437850952,0.6436893343925476
mfcc+chroma+tonnetz+onset,1.276151418685913,0.6475728154182434
mfcc+chroma+tonnetz+tempo,1.308883547782898,0.6436893343925476
mfcc+chroma+tempogram+rms,1.3003135919570925,0.6572815775871277
mfcc+chroma+tempogram+spectral_flux,1.3306913375854492,0.6446601748466492
mfcc+chroma+tempogram+onset,1.353223443031311,0.6378640532493591
mfcc+chroma+tempogram+tempo,1.301150679588318,0.6436893343925476
mfcc+chroma+rms+spectral_flux,1.3678783178329468,0.6029126048088074
mfcc+chroma+rms+onset,1.327526569366455,0.6300970911979675
mfcc+chroma+rms+tempo,1.3258447647094729,0.6417475938796997
mfcc+chroma+spectral_flux+onset,1.3248982429504397,0.6145631074905396
mfcc+chroma+spectral_flux+tempo,1.3286200761795044,0.6339805722236633
mfcc+chroma+onset+tempo,1.2879228591918943,0.6631067991256714
mfcc+mel+contrast+tonnetz,1.1490052938461304,0.7631068229675293
mfcc+mel+contrast+tempogram,1.253495693206787,0.7029126286506653
mfcc+mel+contrast+rms,1.200240135192871,0.7436892986297607
mfcc+mel+contrast+spectral_flux,1.1945152282714844,0.746601939201355
mfcc+mel+contrast+onset,1.2331534624099731,0.7291262149810791
mfcc+mel+contrast+tempo,1.2711151838302612,0.7233009934425354
mfcc+mel+tonnetz+tempogram,1.2272084951400757,0.7320388555526733
mfcc+mel+tonnetz+rms,1.358611226081848,0.6796116232872009
mfcc+mel+tonnetz+spectral_flux,1.458305597305298,0.6165048480033875
mfcc+mel+tonnetz+onset,1.340068221092224,0.670873761177063
mfcc+mel+tonnetz+tempo,1.322074055671692,0.7048543691635132
mfcc+mel+tempogram+rms,1.2445743083953855,0.6980582475662231
mfcc+mel+tempogram+spectral_flux,1.2545716762542725,0.7116504907608032
mfcc+mel+tempogram+onset,1.2679190635681152,0.6990291476249695
mfcc+mel+tempogram+tempo,1.310399293899536,0.6951456069946289
mfcc+mel+rms+spectral_flux,1.4482978582382202,0.6543689370155334
mfcc+mel+rms+onset,1.3417102098464966,0.7077670097351074
mfcc+mel+rms+tempo,1.4953356981277466,0.6320388317108154
mfcc+mel+spectral_flux+onset,1.3797568082809448,0.6650485396385193
mfcc+mel+spectral_flux+tempo,1.4198826551437378,0.6747573018074036
mfcc+mel+onset+tempo,1.3760844469070437,0.6825242638587952
mfcc+contrast+tonnetz+tempogram,1.1869169473648071,0.701941728591919
mfcc+contrast+tonnetz+rms,1.1830193996429443,0.7048543691635132
mfcc+contrast+tonnetz+spectral_flux,1.1823930740356443,0.6834951639175415
mfcc+contrast+tonnetz+onset,1.2504981756210327,0.6320388317108154
mfcc+contrast+tonnetz+tempo,1.181002140045166,0.701941728591919
mfcc+contrast+tempogram+rms,1.290171504020691,0.6417475938796997
mfcc+contrast+tempogram+spectral_flux,1.264146089553833,0.6563106775283813
mfcc+contrast+tempogram+onset,1.2280545234680176,0.6873786449432373
mfcc+contrast+tempogram+tempo,1.2459571361541748,0.6611650586128235
mfcc+contrast+rms+spectral_flux,1.2570314407348633,0.6349514722824097
mfcc+contrast+rms+onset,1.2170590162277222,0.6650485396385193
mfcc+contrast+rms+tempo,1.2258946895599363,0.6737864017486572
mfcc+contrast+spectral_flux+onset,1.2205533981323242,0.662135899066925
mfcc+contrast+spectral_flux+tempo,1.229833960533142,0.6543689370155334
mfcc+contrast+onset+tempo,1.2348947525024414,0.655339777469635
mfcc+tonnetz+tempogram+rms,1.3187435865402222,0.655339777469635
mfcc+tonnetz+tempogram+spectral_flux,1.294663906097412,0.6660194396972656
mfcc+tonnetz+tempogram+onset,1.278767466545105,0.6611650586128235
mfcc+tonnetz+tempogram+tempo,1.267509937286377,0.6699029207229614
mfcc+tonnetz+rms+spectral_flux,1.3495101928710938,0.6000000238418579
mfcc+tonnetz+rms+onset,1.306107997894287,0.6155340075492859
mfcc+tonnetz+rms+tempo,1.3116273880004885,0.6533980369567871
mfcc+tonnetz+spectral_flux+onset,1.3387184143066406,0.5990291237831116
mfcc+tonnetz+spectral_flux+tempo,1.345127820968628,0.6165048480033875
mfcc+tonnetz+onset+tempo,1.261393666267395,0.6533980369567871
mfcc+tempogram+rms+spectral_flux,1.328809380531311,0.6300970911979675
mfcc+tempogram+rms+onset,1.3176703453063965,0.6388349533081055
mfcc+tempogram+rms+tempo,1.339016675949097,0.6300970911979675
mfcc+tempogram+spectral_flux+onset,1.3069945573806765,0.6330097317695618
mfcc+tempogram+spectral_flux+tempo,1.2949954271316528,0.6427184343338013
mfcc+tempogram+onset+tempo,1.3279130458831787,0.6233009696006775
mfcc+rms+spectral_flux+onset,1.3640882968902588,0.5747572779655457
mfcc+rms+spectral_flux+tempo,1.4138169288635254,0.5970873832702637
mfcc+rms+onset+tempo,1.3009414672851562,0.6330097317695618
mfcc+spectral_flux+onset+tempo,1.32451593875885,0.6349514722824097
chroma+mel+contrast+tonnetz,1.2251981496810913,0.724271833896637
chroma+mel+contrast+tempogram,1.267727613449097,0.7058252692222595
chroma+mel+contrast+rms,1.2839750051498413,0.7184466123580933
chroma+mel+contrast+spectral_flux,1.3532770872116089,0.6669902801513672
chroma+mel+contrast+onset,1.2292529344558716,0.7262135744094849
chroma+mel+contrast+tempo,1.2527103424072266,0.731067955493927
chroma+mel+tonnetz+tempogram,1.2556545734405518,0.715533971786499
chroma+mel+tonnetz+rms,1.4626505374908447,0.6165048480033875
chroma+mel+tonnetz+spectral_flux,1.462631344795227,0.6398058533668518
chroma+mel+tonnetz+onset,1.37535560131073,0.6572815775871277
chroma+mel+tonnetz+tempo,1.4822851419448853,0.606796145439148
chroma+mel+tempogram+rms,1.3080854415893557,0.6747573018074036
chroma+mel+tempogram+spectral_flux,1.3867343664169312,0.6563106775283813
chroma+mel+tempogram+onset,1.275288701057434,0.6961165070533752
chroma+mel+tempogram+tempo,1.3544741868972778,0.677669882774353
chroma+mel+rms+spectral_flux,1.5132956504821775,0.6126213669776917
chroma+mel+rms+onset,1.4246810674667358,0.6388349533081055
chroma+mel+rms+tempo,1.5113095045089722,0.6097087264060974
chroma+mel+spectral_flux+onset,1.4687353372573853,0.6281553506851196
chroma+mel+spectral_flux+tempo,1.5003397464752195,0.6368932127952576
chroma+mel+onset+tempo,1.4880175590515137,0.6388349533081055
chroma+contrast+tonnetz+tempogram,1.2797842025756836,0.6485437154769897
chroma+contrast+tonnetz+rms,1.320066213607788,0.6223300695419312
chroma+contrast+tonnetz+spectral_flux,1.3180383443832395,0.6155340075492859
chroma+contrast+tonnetz+onset,1.3313781023025513,0.6077669858932495
chroma+contrast+tonnetz+tempo,1.337386131286621,0.6223300695419312
chroma+contrast+tempogram+rms,1.2949882745742798,0.6504854559898376
chroma+contrast+tempogram+spectral_flux,1.26471745967865,0.6592233180999756
chroma+contrast+tempogram+onset,1.302714467048645,0.6446601748466492
chroma+contrast+tempogram+tempo,1.3011102676391602,0.655339777469635
chroma+contrast+rms+spectral_flux,1.4709587097167969,0.5456310510635376
chroma+contrast+rms+onset,1.4216331243515017,0.5553398132324219
chroma+contrast+rms+tempo,1.3312115669250488,0.6116504669189453
chroma+contrast+spectral_flux+onset,1.3427354097366333,0.5922330021858215
chroma+contrast+spectral_flux+tempo,1.3433077335357666,0.6155340075492859
chroma+contrast+onset+tempo,1.3415223360061646,0.6213592290878296
chroma+tonnetz+tempogram+rms,1.3296982049942017,0.6456310749053955
chroma+tonnetz+tempogram+spectral_flux,1.268276572227478,0.6572815775871277
chroma+tonnetz+tempogram+onset,1.3356775045394895,0.6407766938209534
chroma+tonnetz+tempogram+tempo,1.3103554248809814,0.6300970911979675
chroma+tonnetz+rms+spectral_flux,1.590796947479248,0.477669894695282
chroma+tonnetz+rms+onset,1.53190016746521,0.499029129743576
chroma+tonnetz+rms+tempo,1.5143688917160034,0.5388349294662476
chroma+tonnetz+spectral_flux+onset,1.5641772747039795,0.4970873892307281
chroma+tonnetz+spectral_flux+tempo,1.5554641485214231,0.5087378621101379
chroma+tonnetz+onset+tempo,1.5192636251449585,0.544660210609436
chroma+tempogram+rms+spectral_flux,1.3728190660476685,0.6252427101135254
chroma+tempogram+rms+onset,1.3748112916946411,0.6213592290878296
chroma+tempogram+rms+tempo,1.362989068031311,0.6135922074317932
chroma+tempogram+spectral_flux+onset,1.3607988357543943,0.6203883290290833
chroma+tempogram+spectral_flux+tempo,1.378709316253662,0.6097087264060974
chroma+tempogram+onset+tempo,1.3904273509979248,0.6077669858932495
chroma+rms+spectral_flux+onset,1.6153264045715332,0.4805825352668762
chroma+rms+spectral_flux+tempo,1.5731576681137085,0.5242718458175659
chroma+rms+onset+tempo,1.5108624696731567,0.5582524538040161
chroma+spectral_flux+onset+tempo,1.5442403554916382,0.5330097079277039
mel+contrast+tonnetz+tempogram,1.2292057275772097,0.7077670097351074
mel+contrast+tonnetz+rms,1.253415584564209,0.7262135744094849
mel+contrast+tonnetz+spectral_flux,1.2401357889175415,0.7097087502479553
mel+contrast+tonnetz+onset,1.2131091356277466,0.7252427339553833
mel+contrast+tonnetz+tempo,1.2217978239059448,0.7271844744682312
mel+contrast+tempogram+rms,1.2263096570968628,0.7058252692222595
mel+contrast+tempogram+spectral_flux,1.2496399879455566,0.6893203854560852
mel+contrast+tempogram+onset,1.2485501766204834,0.7135922312736511
mel+contrast+tempogram+tempo,1.259292721748352,0.7038834691047668
mel+contrast+rms+spectral_flux,1.296355962753296,0.7067961096763611
mel+contrast+rms+onset,1.2902991771697998,0.6815534234046936
mel+contrast+rms+tempo,1.3448853492736816,0.7038834691047668
mel+contrast+spectral_flux+onset,1.276716947555542,0.7126213312149048
mel+contrast+spectral_flux+tempo,1.307042956352234,0.7097087502479553
mel+contrast+onset+tempo,1.3092314004898071,0.6912621259689331
mel+tonnetz+tempogram+rms,1.2404943704605105,0.724271833896637
mel+tonnetz+tempogram+spectral_flux,1.304694890975952,0.6834951639175415
mel+tonnetz+tempogram+onset,1.289124846458435,0.6951456069946289
mel+tonnetz+tempogram+tempo,1.2838727235794067,0.7106795907020569
mel+tonnetz+rms+spectral_flux,1.4726024866104126,0.6339805722236633
mel+tonnetz+rms+onset,1.3748012781143188,0.6592233180999756
mel+tonnetz+rms+tempo,1.4826784133911133,0.6359223127365112
mel+tonnetz+spectral_flux+onset,1.4056246280670166,0.6533980369567871
mel+tonnetz+spectral_flux+tempo,1.468349575996399,0.6281553506851196
mel+tonnetz+onset+tempo,1.4218155145645142,0.6339805722236633
mel+tempogram+rms+spectral_flux,1.3422560691833496,0.6611650586128235
mel+tempogram+rms+onset,1.3032302856445312,0.6883494853973389
mel+tempogram+rms+tempo,1.3288172483444214,0.6679611802101135
mel+tempogram+spectral_flux+onset,1.3472092151641846,0.6446601748466492
mel+tempogram+spectral_flux+tempo,1.3222461938858032,0.6679611802101135
mel+tempogram+onset+tempo,1.3319339752197266,0.7009708881378174
mel+rms+spectral_flux+onset,1.48865008354187,0.6029126048088074
mel+rms+spectral_flux+tempo,1.5421875715255735,0.6213592290878296
mel+rms+onset+tempo,1.4526959657669067,0.6300970911979675
mel+spectral_flux+onset+tempo,1.4700299501419067,0.6466019153594971
contrast+tonnetz+tempogram+rms,1.257513165473938,0.6728155612945557
contrast+tonnetz+tempogram+spectral_flux,1.2926803827285769,0.6572815775871277
contrast+tonnetz+tempogram+onset,1.260910987854004,0.6601941585540771
contrast+tonnetz+tempogram+tempo,1.261712908744812,0.6495145559310913
contrast+tonnetz+rms+spectral_flux,1.3900320529937744,0.5553398132324219
contrast+tonnetz+rms+onset,1.3184030055999756,0.5864077806472778
contrast+tonnetz+rms+tempo,1.319153070449829,0.6135922074317932
contrast+tonnetz+spectral_flux+onset,1.3796181678771973,0.5650485157966614
contrast+tonnetz+spectral_flux+tempo,1.336156129837036,0.606796145439148
contrast+tonnetz+onset+tempo,1.2973158359527588,0.6097087264060974
contrast+tempogram+rms+spectral_flux,1.252942681312561,0.6485437154769897
contrast+tempogram+rms+onset,1.276004195213318,0.6660194396972656
contrast+tempogram+rms+tempo,1.2885751724243164,0.655339777469635
contrast+tempogram+spectral_flux+onset,1.2614531517028809,0.6563106775283813
contrast+tempogram+spectral_flux+tempo,1.295724391937256,0.6611650586128235
contrast+tempogram+onset+tempo,1.3031357526779177,0.6310679316520691
contrast+rms+spectral_flux+onset,1.4454480409622192,0.5271844863891602
contrast+rms+spectral_flux+tempo,1.393265962600708,0.5776699185371399
contrast+rms+onset+tempo,1.328843593597412,0.6087378859519958
contrast+spectral_flux+onset+tempo,1.3503086566925049,0.6000000238418579
tonnetz+tempogram+rms+spectral_flux,1.3083359003067017,0.6398058533668518
tonnetz+tempogram+rms+onset,1.3213340044021606,0.6368932127952576
tonnetz+tempogram+rms+tempo,1.336434006690979,0.6300970911979675
tonnetz+tempogram+spectral_flux+onset,1.3513790369033811,0.6233009696006775
tonnetz+tempogram+spectral_flux+tempo,1.3551241159439087,0.6077669858932495
tonnetz+tempogram+onset+tempo,1.3932021856307983,0.5873786211013794
tonnetz+rms+spectral_flux+onset,1.5929582118988037,0.4563106894493103
tonnetz+rms+spectral_flux+tempo,1.5372916460037231,0.5233009457588196
tonnetz+rms+onset+tempo,1.4600952863693235,0.5582524538040161
tonnetz+spectral_flux+onset+tempo,1.4946173429489136,0.5359223484992981
tempogram+rms+spectral_flux+onset,1.4299819469451904,0.5883495211601257
tempogram+rms+spectral_flux+tempo,1.421160340309143,0.5854368805885315
tempogram+rms+onset+tempo,1.482123613357544,0.5660194158554077
tempogram+spectral_flux+onset+tempo,1.408326506614685,0.5941747426986694
rms+spectral_flux+onset+tempo,1.5870563983917236,0.5038834810256958
mfcc+chroma+mel+contrast+tonnetz,1.246517777442932,0.7174757122993469
mfcc+chroma+mel+contrast+tempogram,1.2095001935958862,0.7271844744682312
mfcc+chroma+mel+contrast+rms,1.243687868118286,0.7300971150398254
mfcc+chroma+mel+contrast+spectral_flux,1.231540322303772,0.7388349771499634
mfcc+chroma+mel+contrast+onset,1.200406551361084,0.7504854202270508
mfcc+chroma+mel+contrast+tempo,1.2300297021865845,0.737864077091217
mfcc+chroma+mel+tonnetz+tempogram,1.2271932363510132,0.7417475581169128
mfcc+chroma+mel+tonnetz+rms,1.3145166635513306,0.7029126286506653
mfcc+chroma+mel+tonnetz+spectral_flux,1.356536030769348,0.6766990423202515
mfcc+chroma+mel+tonnetz+onset,1.285359025001526,0.7058252692222595
mfcc+chroma+mel+tonnetz+tempo,1.3445969820022583,0.6873786449432373
mfcc+chroma+mel+tempogram+rms,1.2620737552642822,0.7300971150398254
mfcc+chroma+mel+tempogram+spectral_flux,1.2572848796844482,0.7145631313323975
mfcc+chroma+mel+tempogram+onset,1.2164560556411743,0.7106795907020569
mfcc+chroma+mel+tempogram+tempo,1.2710474729537964,0.6970874071121216
mfcc+chroma+mel+rms+spectral_flux,1.3890478610992432,0.6893203854560852
mfcc+chroma+mel+rms+onset,1.3020992279052734,0.7058252692222595
mfcc+chroma+mel+rms+tempo,1.393501877784729,0.6883494853973389
mfcc+chroma+mel+spectral_flux+onset,1.337411642074585,0.699999988079071
mfcc+chroma+mel+spectral_flux+tempo,1.4311341047286987,0.6650485396385193
mfcc+chroma+mel+onset+tempo,1.3761078119277954,0.6757281422615051
mfcc+chroma+contrast+tonnetz+tempogram,1.2262709140777588,0.6990291476249695
mfcc+chroma+contrast+tonnetz+rms,1.1153146028518677,0.708737850189209
mfcc+chroma+contrast+tonnetz+spectral_flux,1.120363473892212,0.7106795907020569
mfcc+chroma+contrast+tonnetz+onset,1.100930094718933,0.7184466123580933
mfcc+chroma+contrast+tonnetz+tempo,1.1442657709121704,0.7067961096763611
mfcc+chroma+contrast+tempogram+rms,1.252429485321045,0.6737864017486572
mfcc+chroma+contrast+tempogram+spectral_flux,1.2383261919021606,0.6854369044303894
mfcc+chroma+contrast+tempogram+onset,1.269331932067871,0.6669902801513672
mfcc+chroma+contrast+tempogram+tempo,1.27422297000885,0.6825242638587952
mfcc+chroma+contrast+rms+spectral_flux,1.1636444330215454,0.701941728591919
mfcc+chroma+contrast+rms+onset,1.128557205200195,0.715533971786499
mfcc+chroma+contrast+rms+tempo,1.1536146402359009,0.7223300933837891
mfcc+chroma+contrast+spectral_flux+onset,1.1214700937271118,0.708737850189209
mfcc+chroma+contrast+spectral_flux+tempo,1.131089448928833,0.724271833896637
mfcc+chroma+contrast+onset+tempo,1.1449424028396606,0.7106795907020569
mfcc+chroma+tonnetz+tempogram+rms,1.221037983894348,0.6834951639175415
mfcc+chroma+tonnetz+tempogram+spectral_flux,1.2750600576400757,0.6699029207229614
mfcc+chroma+tonnetz+tempogram+onset,1.2151219844818115,0.7029126286506653
mfcc+chroma+tonnetz+tempogram+tempo,1.2617902755737305,0.6679611802101135
mfcc+chroma+tonnetz+rms+spectral_flux,1.2917357683181765,0.6456310749053955
mfcc+chroma+tonnetz+rms+onset,1.244023323059082,0.6592233180999756
mfcc+chroma+tonnetz+rms+tempo,1.2875808477401731,0.6631067991256714
mfcc+chroma+tonnetz+spectral_flux+onset,1.261703610420227,0.6563106775283813
mfcc+chroma+tonnetz+spectral_flux+tempo,1.2842122316360474,0.655339777469635
mfcc+chroma+tonnetz+onset+tempo,1.2591884136199951,0.6650485396385193
mfcc+chroma+tempogram+rms+spectral_flux,1.3121250867843628,0.6650485396385193
mfcc+chroma+tempogram+rms+onset,1.2945504188537598,0.6466019153594971
mfcc+chroma+tempogram+rms+tempo,1.276875615119934,0.6504854559898376
mfcc+chroma+tempogram+spectral_flux+onset,1.247830867767334,0.6640776991844177
mfcc+chroma+tempogram+spectral_flux+tempo,1.3007848262786863,0.6407766938209534
mfcc+chroma+tempogram+onset+tempo,1.3625078201293943,0.6203883290290833
mfcc+chroma+rms+spectral_flux+onset,1.3047568798065186,0.6300970911979675
mfcc+chroma+rms+spectral_flux+tempo,1.3721719980239868,0.6155340075492859
mfcc+chroma+rms+onset+tempo,1.254569411277771,0.6669902801513672
mfcc+chroma+spectral_flux+onset+tempo,1.2610269784927368,0.6485437154769897
mfcc+mel+contrast+tonnetz+tempogram,1.164076328277588,0.7611650228500366
mfcc+mel+contrast+tonnetz+rms,1.1575589179992676,0.7679611444473267
mfcc+mel+contrast+tonnetz+spectral_flux,1.1490718126296997,0.7611650228500366
mfcc+mel+contrast+tonnetz+onset,1.1271353960037231,0.7766990065574646
mfcc+mel+contrast+tonnetz+tempo,1.153549313545227,0.7631068229675293
mfcc+mel+contrast+tempogram+rms,1.192549467086792,0.7300971150398254
mfcc+mel+contrast+tempogram+spectral_flux,1.1681747436523438,0.7427184581756592
mfcc+mel+contrast+tempogram+onset,1.2050237655639648,0.7349514365196228
mfcc+mel+contrast+tempogram+tempo,1.2531810998916626,0.7213592529296875
mfcc+mel+contrast+rms+spectral_flux,1.194075584411621,0.7504854202270508
mfcc+mel+contrast+rms+onset,1.2135825157165527,0.731067955493927
mfcc+mel+contrast+rms+tempo,1.3137935400009155,0.693203866481781
mfcc+mel+contrast+spectral_flux+onset,1.1878626346588137,0.7495145797729492
mfcc+mel+contrast+spectral_flux+tempo,1.2057889699935913,0.7592232823371887
mfcc+mel+contrast+onset+tempo,1.174932837486267,0.7407767176628113
mfcc+mel+tonnetz+tempogram+rms,1.2545784711837769,0.7097087502479553
mfcc+mel+tonnetz+tempogram+spectral_flux,1.2000703811645508,0.7427184581756592
mfcc+mel+tonnetz+tempogram+onset,1.214834213256836,0.7291262149810791
mfcc+mel+tonnetz+tempogram+tempo,1.1797138452529907,0.746601939201355
mfcc+mel+tonnetz+rms+spectral_flux,1.3897759914398191,0.693203866481781
mfcc+mel+tonnetz+rms+onset,1.332484483718872,0.6766990423202515
mfcc+mel+tonnetz+rms+tempo,1.4033979177474976,0.6737864017486572
mfcc+mel+tonnetz+spectral_flux+onset,1.3344725370407104,0.6718446612358093
mfcc+mel+tonnetz+spectral_flux+tempo,1.3277217149734497,0.6873786449432373
mfcc+mel+tonnetz+onset+tempo,1.2594949007034302,0.7339805960655212
mfcc+mel+tempogram+rms+spectral_flux,1.2710556983947754,0.7058252692222595
mfcc+mel+tempogram+rms+onset,1.2870198488235474,0.7058252692222595
mfcc+mel+tempogram+rms+tempo,1.323294758796692,0.6796116232872009
mfcc+mel+tempogram+spectral_flux+onset,1.3043491840362549,0.6883494853973389
mfcc+mel+tempogram+spectral_flux+tempo,1.3031210899353027,0.693203866481781
mfcc+mel+tempogram+onset+tempo,1.234627366065979,0.7223300933837891
mfcc+mel+rms+spectral_flux+onset,1.3415462970733645,0.693203866481781
mfcc+mel+rms+spectral_flux+tempo,1.4258595705032349,0.6766990423202515
mfcc+mel+rms+onset+tempo,1.3311893939971924,0.7067961096763611
mfcc+mel+spectral_flux+onset+tempo,1.3691790103912354,0.693203866481781
mfcc+contrast+tonnetz+tempogram+rms,1.1660748720169067,0.7184466123580933
mfcc+contrast+tonnetz+tempogram+spectral_flux,1.1529690027236938,0.7135922312736511
mfcc+contrast+tonnetz+tempogram+onset,1.2264466285705566,0.6747573018074036
mfcc+contrast+tonnetz+tempogram+tempo,1.1688883304595947,0.6883494853973389
mfcc+contrast+tonnetz+rms+spectral_flux,1.1622031927108765,0.6961165070533752
mfcc+contrast+tonnetz+rms+onset,1.13204026222229,0.693203866481781
mfcc+contrast+tonnetz+rms+tempo,1.137989521026611,0.7135922312736511
mfcc+contrast+tonnetz+spectral_flux+onset,1.1233878135681152,0.6902912855148315
mfcc+contrast+tonnetz+spectral_flux+tempo,1.1421347856521606,0.7058252692222595
mfcc+contrast+tonnetz+onset+tempo,1.1205626726150513,0.7194174528121948
mfcc+contrast+tempogram+rms+spectral_flux,1.2537568807601929,0.6834951639175415
mfcc+contrast+tempogram+rms+onset,1.1997641324996948,0.6990291476249695
mfcc+contrast+tempogram+rms+tempo,1.1966614723205566,0.699999988079071
mfcc+contrast+tempogram+spectral_flux+onset,1.2076305150985718,0.6893203854560852
mfcc+contrast+tempogram+spectral_flux+tempo,1.2780460119247437,0.670873761177063
mfcc+contrast+tempogram+onset+tempo,1.1834479570388794,0.6990291476249695
mfcc+contrast+rms+spectral_flux+onset,1.197286605834961,0.6873786449432373
mfcc+contrast+rms+spectral_flux+tempo,1.2101961374282837,0.6757281422615051
mfcc+contrast+rms+onset+tempo,1.1625187397003174,0.686407744884491
mfcc+contrast+spectral_flux+onset+tempo,1.1744627952575684,0.6805825233459473
mfcc+tonnetz+tempogram+rms+spectral_flux,1.2213008403778076,0.6980582475662231
mfcc+tonnetz+tempogram+rms+onset,1.3212449550628662,0.6572815775871277
mfcc+tonnetz+tempogram+rms+tempo,1.2540565729141235,0.6825242638587952
mfcc+tonnetz+tempogram+spectral_flux+onset,1.2128336429595947,0.6805825233459473
mfcc+tonnetz+tempogram+spectral_flux+tempo,1.2683656215667725,0.6504854559898376
mfcc+tonnetz+tempogram+onset+tempo,1.2273077964782717,0.6699029207229614
mfcc+tonnetz+rms+spectral_flux+onset,1.2829583883285522,0.6203883290290833
mfcc+tonnetz+rms+spectral_flux+tempo,1.300810933113098,0.6368932127952576
mfcc+tonnetz+rms+onset+tempo,1.21707022190094,0.6699029207229614
mfcc+tonnetz+spectral_flux+onset+tempo,1.2693437337875366,0.6320388317108154
mfcc+tempogram+rms+spectral_flux+onset,1.308854579925537,0.6495145559310913
mfcc+tempogram+rms+spectral_flux+tempo,1.352117657661438,0.6252427101135254
mfcc+tempogram+rms+onset+tempo,1.304335594177246,0.6514562964439392
mfcc+tempogram+spectral_flux+onset+tempo,1.2929495573043823,0.6417475938796997
mfcc+rms+spectral_flux+onset+tempo,1.3318058252334597,0.6116504669189453
chroma+mel+contrast+tonnetz+tempogram,1.1540180444717407,0.7407767176628113
chroma+mel+contrast+tonnetz+rms,1.218032956123352,0.7281553149223328
chroma+mel+contrast+tonnetz+spectral_flux,1.2380982637405396,0.7223300933837891
chroma+mel+contrast+tonnetz+onset,1.198416233062744,0.7165048718452454
chroma+mel+contrast+tonnetz+tempo,1.248542547225952,0.7213592529296875
chroma+mel+contrast+tempogram+rms,1.258228778839111,0.7116504907608032
chroma+mel+contrast+tempogram+spectral_flux,1.234341025352478,0.708737850189209
chroma+mel+contrast+tempogram+onset,1.2029589414596558,0.7252427339553833
chroma+mel+contrast+tempogram+tempo,1.207074761390686,0.7262135744094849
chroma+mel+contrast+rms+spectral_flux,1.3408308029174805,0.677669882774353
chroma+mel+contrast+rms+onset,1.272726058959961,0.7077670097351074
chroma+mel+contrast+rms+tempo,1.2919745445251465,0.7126213312149048
chroma+mel+contrast+spectral_flux+onset,1.2959983348846436,0.7165048718452454
chroma+mel+contrast+spectral_flux+tempo,1.2567647695541382,0.7300971150398254
chroma+mel+contrast+onset+tempo,1.257013916969299,0.715533971786499
chroma+mel+tonnetz+tempogram+rms,1.2826114892959597,0.6951456069946289
chroma+mel+tonnetz+tempogram+spectral_flux,1.2881875038146973,0.693203866481781
chroma+mel+tonnetz+tempogram+onset,1.2729285955429075,0.7126213312149048
chroma+mel+tonnetz+tempogram+tempo,1.273855209350586,0.7203883528709412
chroma+mel+tonnetz+rms+spectral_flux,1.4381119012832642,0.6213592290878296
chroma+mel+tonnetz+rms+onset,1.3392112255096436,0.6970874071121216
chroma+mel+tonnetz+rms+tempo,1.479411244392395,0.6135922074317932
chroma+mel+tonnetz+spectral_flux+onset,1.4472888708114624,0.6242718696594238
chroma+mel+tonnetz+spectral_flux+tempo,1.4703433513641355,0.6330097317695618
chroma+mel+tonnetz+onset+tempo,1.3586328029632568,0.6951456069946289
chroma+mel+tempogram+rms+spectral_flux,1.2981964349746704,0.6990291476249695
chroma+mel+tempogram+rms+onset,1.3484041690826416,0.6398058533668518
chroma+mel+tempogram+rms+tempo,1.2639352083206177,0.6970874071121216
chroma+mel+tempogram+spectral_flux+onset,1.3448981046676636,0.6592233180999756
chroma+mel+tempogram+spectral_flux+tempo,1.2728300094604492,0.699999988079071
chroma+mel+tempogram+onset+tempo,1.3020046949386597,0.6893203854560852
chroma+mel+rms+spectral_flux+onset,1.38631272315979,0.6893203854560852
chroma+mel+rms+spectral_flux+tempo,1.4483647346496582,0.6601941585540771
chroma+mel+rms+onset+tempo,1.404267430305481,0.6902912855148315
chroma+mel+spectral_flux+onset+tempo,1.429192066192627,0.6660194396972656
chroma+contrast+tonnetz+tempogram+rms,1.275297999382019,0.6640776991844177
chroma+contrast+tonnetz+tempogram+spectral_flux,1.2501384019851685,0.6883494853973389
chroma+contrast+tonnetz+tempogram+onset,1.2680598497390747,0.6699029207229614
chroma+contrast+tonnetz+tempogram+tempo,1.2853800058364868,0.6582524180412292
chroma+contrast+tonnetz+rms+spectral_flux,1.3052144050598145,0.6135922074317932
chroma+contrast+tonnetz+rms+onset,1.2748924493789673,0.6184465885162354
chroma+contrast+tonnetz+rms+tempo,1.258866548538208,0.6524271965026855
chroma+contrast+tonnetz+spectral_flux+onset,1.3302161693572998,0.6087378859519958
chroma+contrast+tonnetz+spectral_flux+tempo,1.2996234893798828,0.6320388317108154
chroma+contrast+tonnetz+onset+tempo,1.27647864818573,0.6339805722236633
chroma+contrast+tempogram+rms+spectral_flux,1.245229721069336,0.6844660043716431
chroma+contrast+tempogram+rms+onset,1.2922507524490356,0.6543689370155334
chroma+contrast+tempogram+rms+tempo,1.2847281694412231,0.6504854559898376
chroma+contrast+tempogram+spectral_flux+onset,1.285303831100464,0.6524271965026855
chroma+contrast+tempogram+spectral_flux+tempo,1.276288986206055,0.6611650586128235
chroma+contrast+tempogram+onset+tempo,1.294334053993225,0.6446601748466492
chroma+contrast+rms+spectral_flux+onset,1.3626290559768677,0.5902912616729736
chroma+contrast+rms+spectral_flux+tempo,1.3436092138290403,0.6174757480621338
chroma+contrast+rms+onset+tempo,1.2945493459701538,0.6262136101722717
chroma+contrast+spectral_flux+onset+tempo,1.2980574369430542,0.6242718696594238
chroma+tonnetz+tempogram+rms+spectral_flux,1.3220585584640503,0.6368932127952576
chroma+tonnetz+tempogram+rms+onset,1.3233717679977417,0.6524271965026855
chroma+tonnetz+tempogram+rms+tempo,1.3321561813354492,0.6417475938796997
chroma+tonnetz+tempogram+spectral_flux+onset,1.3003287315368652,0.6427184343338013
chroma+tonnetz+tempogram+spectral_flux+tempo,1.2844759225845337,0.6466019153594971
chroma+tonnetz+tempogram+onset+tempo,1.361170530319214,0.6407766938209534
chroma+tonnetz+rms+spectral_flux+onset,1.500413179397583,0.5300970673561096
chroma+tonnetz+rms+spectral_flux+tempo,1.493444561958313,0.5485436916351318
chroma+tonnetz+rms+onset+tempo,1.456339716911316,0.5631067752838135
chroma+tonnetz+spectral_flux+onset+tempo,1.455390214920044,0.5699028968811035
chroma+tempogram+rms+spectral_flux+onset,1.3923773765563965,0.6145631074905396
chroma+tempogram+rms+spectral_flux+tempo,1.3585575819015503,0.6203883290290833
chroma+tempogram+rms+onset+tempo,1.39633047580719,0.6048543453216553
chroma+tempogram+spectral_flux+onset+tempo,1.353785753250122,0.6233009696006775
chroma+rms+spectral_flux+onset+tempo,1.5299396514892578,0.5271844863891602
mel+contrast+tonnetz+tempogram+rms,1.202397704124451,0.7436892986297607
mel+contrast+tonnetz+tempogram+spectral_flux,1.1874690055847168,0.7368931770324707
mel+contrast+tonnetz+tempogram+onset,1.2135891914367676,0.7368931770324707
mel+contrast+tonnetz+tempogram+tempo,1.163540959358215,0.7553398013114929
mel+contrast+tonnetz+rms+spectral_flux,1.2739135026931765,0.6844660043716431
mel+contrast+tonnetz+rms+onset,1.2132108211517334,0.7300971150398254
mel+contrast+tonnetz+rms+tempo,1.2401851415634155,0.7203883528709412
mel+contrast+tonnetz+spectral_flux+onset,1.2616227865219116,0.6980582475662231
mel+contrast+tonnetz+spectral_flux+tempo,1.217061161994934,0.715533971786499
mel+contrast+tonnetz+onset+tempo,1.2689824104309082,0.7038834691047668
mel+contrast+tempogram+rms+spectral_flux,1.2226896286010742,0.7058252692222595
mel+contrast+tempogram+rms+onset,1.2494884729385376,0.7165048718452454
mel+contrast+tempogram+rms+tempo,1.2307806015014648,0.7184466123580933
mel+contrast+tempogram+spectral_flux+onset,1.2056382894515991,0.7300971150398254
mel+contrast+tempogram+spectral_flux+tempo,1.2228084802627563,0.7281553149223328
mel+contrast+tempogram+onset+tempo,1.224603295326233,0.7097087502479553
mel+contrast+rms+spectral_flux+onset,1.253751516342163,0.7203883528709412
mel+contrast+rms+spectral_flux+tempo,1.298448920249939,0.6951456069946289
mel+contrast+rms+onset+tempo,1.268567681312561,0.708737850189209
mel+contrast+spectral_flux+onset+tempo,1.2931475639343262,0.677669882774353
mel+tonnetz+tempogram+rms+spectral_flux,1.252463698387146,0.7116504907608032
mel+tonnetz+tempogram+rms+onset,1.2803053855895996,0.7029126286506653
mel+tonnetz+tempogram+rms+tempo,1.3030273914337158,0.6961165070533752
mel+tonnetz+tempogram+spectral_flux+onset,1.2511979341506958,0.7097087502479553
mel+tonnetz+tempogram+spectral_flux+tempo,1.2582378387451172,0.6873786449432373
mel+tonnetz+tempogram+onset+tempo,1.2370967864990234,0.7145631313323975
mel+tonnetz+rms+spectral_flux+onset,1.412379026412964,0.6271844506263733
mel+tonnetz+rms+spectral_flux+tempo,1.456811785697937,0.6223300695419312
mel+tonnetz+rms+onset+tempo,1.3768045902252195,0.6815534234046936
mel+tonnetz+spectral_flux+onset+tempo,1.4616153240203855,0.6077669858932495
mel+tempogram+rms+spectral_flux+onset,1.3533625602722168,0.6728155612945557
mel+tempogram+rms+spectral_flux+tempo,1.357919454574585,0.6514562964439392
mel+tempogram+rms+onset+tempo,1.3228942155838013,0.6747573018074036
mel+tempogram+spectral_flux+onset+tempo,1.3875584602355957,0.6291261911392212
mel+rms+spectral_flux+onset+tempo,1.4612613916397097,0.6456310749053955
contrast+tonnetz+tempogram+rms+spectral_flux,1.2205665111541748,0.6902912855148315
contrast+tonnetz+tempogram+rms+onset,1.2247276306152344,0.6640776991844177
contrast+tonnetz+tempogram+rms+tempo,1.247685790061951,0.6699029207229614
contrast+tonnetz+tempogram+spectral_flux+onset,1.2104933261871338,0.6786407828330994
contrast+tonnetz+tempogram+spectral_flux+tempo,1.2255873680114746,0.6825242638587952
contrast+tonnetz+tempogram+onset+tempo,1.263019561767578,0.6543689370155334
contrast+tonnetz+rms+spectral_flux+onset,1.306402325630188,0.5883495211601257
contrast+tonnetz+rms+spectral_flux+tempo,1.311123251914978,0.6029126048088074
contrast+tonnetz+rms+onset+tempo,1.2512552738189695,0.6427184343338013
contrast+tonnetz+spectral_flux+onset+tempo,1.2580208778381348,0.6330097317695618
contrast+tempogram+rms+spectral_flux+onset,1.2963616847991943,0.6660194396972656
contrast+tempogram+rms+spectral_flux+tempo,1.2891327142715454,0.6475728154182434
contrast+tempogram+rms+onset+tempo,1.2866686582565308,0.6466019153594971
contrast+tempogram+spectral_flux+onset+tempo,1.3154354095458984,0.6582524180412292
contrast+rms+spectral_flux+onset+tempo,1.33074688911438,0.5766990184783936
tonnetz+tempogram+rms+spectral_flux+onset,1.3418406248092651,0.6252427101135254
tonnetz+tempogram+rms+spectral_flux+tempo,1.3395155668258667,0.6116504669189453
tonnetz+tempogram+rms+onset+tempo,1.3116317987442017,0.6203883290290833
tonnetz+tempogram+spectral_flux+onset+tempo,1.3450056314468384,0.6300970911979675
tonnetz+rms+spectral_flux+onset+tempo,1.4824844598770142,0.5485436916351318
tempogram+rms+spectral_flux+onset+tempo,1.4094946384429932,0.6000000238418579
mfcc+chroma+mel+contrast+tonnetz+tempogram,1.1775637865066528,0.7524271607398987
mfcc+chroma+mel+contrast+tonnetz+rms,1.185985803604126,0.7631068229675293
mfcc+chroma+mel+contrast+tonnetz+spectral_flux,1.1623718738555908,0.7524271607398987
mfcc+chroma+mel+contrast+tonnetz+onset,1.1895300149917605,0.7417475581169128
mfcc+chroma+mel+contrast+tonnetz+tempo,1.1490885019302368,0.7660194039344788
mfcc+chroma+mel+contrast+tempogram+rms,1.2725985050201416,0.724271833896637
mfcc+chroma+mel+contrast+tempogram+spectral_flux,1.2147971391677856,0.7300971150398254
mfcc+chroma+mel+contrast+tempogram+onset,1.2064250707626345,0.731067955493927
mfcc+chroma+mel+contrast+tempogram+tempo,1.2017240524291992,0.7417475581169128
mfcc+chroma+mel+contrast+rms+spectral_flux,1.2344908714294434,0.7446601986885071
mfcc+chroma+mel+contrast+rms+onset,1.2317683696746826,0.7281553149223328
mfcc+chroma+mel+contrast+rms+tempo,1.2291158437728882,0.7349514365196228
mfcc+chroma+mel+contrast+spectral_flux+onset,1.1788618564605713,0.7407767176628113
mfcc+chroma+mel+contrast+spectral_flux+tempo,1.2300564050674438,0.7330096960067749
mfcc+chroma+mel+contrast+onset+tempo,1.189136028289795,0.7407767176628113
mfcc+chroma+mel+tonnetz+tempogram+rms,1.1962755918502808,0.746601939201355
mfcc+chroma+mel+tonnetz+tempogram+spectral_flux,1.1786061525344849,0.7417475581169128
mfcc+chroma+mel+tonnetz+tempogram+onset,1.1946181058883667,0.7475728392601013
mfcc+chroma+mel+tonnetz+tempogram+tempo,1.2072713375091553,0.7291262149810791
mfcc+chroma+mel+tonnetz+rms+spectral_flux,1.3283419609069824,0.699999988079071
mfcc+chroma+mel+tonnetz+rms+onset,1.302834391593933,0.693203866481781
mfcc+chroma+mel+tonnetz+rms+tempo,1.2981858253479004,0.7252427339553833
mfcc+chroma+mel+tonnetz+spectral_flux+onset,1.2495849132537842,0.7184466123580933
mfcc+chroma+mel+tonnetz+spectral_flux+tempo,1.317346692085266,0.7106795907020569
mfcc+chroma+mel+tonnetz+onset+tempo,1.2138609886169434,0.7514563202857971
mfcc+chroma+mel+tempogram+rms+spectral_flux,1.2206920385360718,0.7368931770324707
mfcc+chroma+mel+tempogram+rms+onset,1.2476379871368408,0.708737850189209
mfcc+chroma+mel+tempogram+rms+tempo,1.2736557722091677,0.7126213312149048
mfcc+chroma+mel+tempogram+spectral_flux+onset,1.2991362810134888,0.7097087502479553
mfcc+chroma+mel+tempogram+spectral_flux+tempo,1.2373836040496826,0.7145631313323975
mfcc+chroma+mel+tempogram+onset+tempo,1.2567058801651,0.7213592529296875
mfcc+chroma+mel+rms+spectral_flux+onset,1.3490437269210815,0.701941728591919
mfcc+chroma+mel+rms+spectral_flux+tempo,1.3428221940994265,0.7038834691047668
mfcc+chroma+mel+rms+onset+tempo,1.316401481628418,0.7194174528121948
mfcc+chroma+mel+spectral_flux+onset+tempo,1.324483036994934,0.7184466123580933
mfcc+chroma+contrast+tonnetz+tempogram+rms,1.1902068853378296,0.7194174528121948
mfcc+chroma+contrast+tonnetz+tempogram+spectral_flux,1.1763601303100586,0.7300971150398254
mfcc+chroma+contrast+tonnetz+tempogram+onset,1.2358314990997314,0.6922330260276794
mfcc+chroma+contrast+tonnetz+tempogram+tempo,1.1837188005447388,0.7009708881378174
mfcc+chroma+contrast+tonnetz+rms+spectral_flux,1.1117074489593506,0.7194174528121948
mfcc+chroma+contrast+tonnetz+rms+onset,1.0957823991775513,0.7203883528709412
mfcc+chroma+contrast+tonnetz+rms+tempo,1.1093549728393557,0.7262135744094849
mfcc+chroma+contrast+tonnetz+spectral_flux+onset,1.0986253023147583,0.7135922312736511
mfcc+chroma+contrast+tonnetz+spectral_flux+tempo,1.1166985034942627,0.7223300933837891
mfcc+chroma+contrast+tonnetz+onset+tempo,1.1083296537399292,0.708737850189209
mfcc+chroma+contrast+tempogram+rms+spectral_flux,1.2210952043533323,0.6961165070533752
mfcc+chroma+contrast+tempogram+rms+onset,1.1841460466384888,0.7038834691047668
mfcc+chroma+contrast+tempogram+rms+tempo,1.227113127708435,0.701941728591919
mfcc+chroma+contrast+tempogram+spectral_flux+onset,1.1935203075408936,0.7203883528709412
mfcc+chroma+contrast+tempogram+spectral_flux+tempo,1.1953778266906738,0.7058252692222595
mfcc+chroma+contrast+tempogram+onset+tempo,1.226012945175171,0.6941747665405273
mfcc+chroma+contrast+rms+spectral_flux+onset,1.0957905054092407,0.7300971150398254
mfcc+chroma+contrast+rms+spectral_flux+tempo,1.1648350954055786,0.699999988079071
mfcc+chroma+contrast+rms+onset+tempo,1.120758056640625,0.7009708881378174
mfcc+chroma+contrast+spectral_flux+onset+tempo,1.125199556350708,0.699999988079071
mfcc+chroma+tonnetz+tempogram+rms+spectral_flux,1.225870132446289,0.6912621259689331
mfcc+chroma+tonnetz+tempogram+rms+onset,1.2459043264389038,0.701941728591919
mfcc+chroma+tonnetz+tempogram+rms+tempo,1.2545522451400757,0.6815534234046936
mfcc+chroma+tonnetz+tempogram+spectral_flux+onset,1.2704744338989258,0.6737864017486572
mfcc+chroma+tonnetz+tempogram+spectral_flux+tempo,1.2230499982833862,0.701941728591919
mfcc+chroma+tonnetz+tempogram+onset+tempo,1.2464256286621094,0.6737864017486572
mfcc+chroma+tonnetz+rms+spectral_flux+onset,1.2283886671066284,0.662135899066925
mfcc+chroma+tonnetz+rms+spectral_flux+tempo,1.260319471359253,0.6747573018074036
mfcc+chroma+tonnetz+rms+onset+tempo,1.2196484804153442,0.6786407828330994
mfcc+chroma+tonnetz+spectral_flux+onset+tempo,1.219434142112732,0.6766990423202515
mfcc+chroma+tempogram+rms+spectral_flux+onset,1.27995502948761,0.6504854559898376
mfcc+chroma+tempogram+rms+spectral_flux+tempo,1.2709407806396484,0.6699029207229614
mfcc+chroma+tempogram+rms+onset+tempo,1.3201134204864502,0.6359223127365112
mfcc+chroma+tempogram+spectral_flux+onset+tempo,1.3120144605636597,0.6582524180412292
mfcc+chroma+rms+spectral_flux+onset+tempo,1.2552947998046875,0.6786407828330994
mfcc+mel+contrast+tonnetz+tempogram+rms,1.1157845258712769,0.7543689608573914
mfcc+mel+contrast+tonnetz+tempogram+spectral_flux,1.1906719207763672,0.7475728392601013
mfcc+mel+contrast+tonnetz+tempogram+onset,1.175065994262695,0.7514563202857971
mfcc+mel+contrast+tonnetz+tempogram+tempo,1.1634293794631958,0.7611650228500366
mfcc+mel+contrast+tonnetz+rms+spectral_flux,1.2127082347869873,0.7407767176628113
mfcc+mel+contrast+tonnetz+rms+onset,1.10759699344635,0.7718446850776672
mfcc+mel+contrast+tonnetz+rms+tempo,1.1569329500198364,0.7504854202270508
mfcc+mel+contrast+tonnetz+spectral_flux+onset,1.167532205581665,0.7417475581169128
mfcc+mel+contrast+tonnetz+spectral_flux+tempo,1.1152688264846802,0.7786407470703125
mfcc+mel+contrast+tonnetz+onset+tempo,1.1747440099716189,0.7504854202270508
mfcc+mel+contrast+tempogram+rms+spectral_flux,1.200222373008728,0.7407767176628113
mfcc+mel+contrast+tempogram+rms+onset,1.1879726648330688,0.7427184581756592
mfcc+mel+contrast+tempogram+rms+tempo,1.1812094449996948,0.7417475581169128
mfcc+mel+contrast+tempogram+spectral_flux+onset,1.1895325183868408,0.7436892986297607
mfcc+mel+contrast+tempogram+spectral_flux+tempo,1.192654013633728,0.7504854202270508
mfcc+mel+contrast+tempogram+onset+tempo,1.1875931024551392,0.737864077091217
mfcc+mel+contrast+rms+spectral_flux+onset,1.2407795190811155,0.7330096960067749
mfcc+mel+contrast+rms+spectral_flux+tempo,1.2459787130355835,0.7281553149223328
mfcc+mel+contrast+rms+onset+tempo,1.217912197113037,0.7271844744682312
mfcc+mel+contrast+spectral_flux+onset+tempo,1.2355527877807615,0.7388349771499634
mfcc+mel+tonnetz+tempogram+rms+spectral_flux,1.2412405014038086,0.7135922312736511
mfcc+mel+tonnetz+tempogram+rms+onset,1.2986818552017212,0.6873786449432373
mfcc+mel+tonnetz+tempogram+rms+tempo,1.2175143957138062,0.7165048718452454
mfcc+mel+tonnetz+tempogram+spectral_flux+onset,1.1942898035049438,0.7349514365196228
mfcc+mel+tonnetz+tempogram+spectral_flux+tempo,1.2217031717300415,0.7339805960655212
mfcc+mel+tonnetz+tempogram+onset+tempo,1.2251179218292236,0.7203883528709412
mfcc+mel+tonnetz+rms+spectral_flux+onset,1.3284342288970947,0.6757281422615051
mfcc+mel+tonnetz+rms+spectral_flux+tempo,1.3289976119995115,0.6980582475662231
mfcc+mel+tonnetz+rms+onset+tempo,1.3153666257858276,0.7009708881378174
mfcc+mel+tonnetz+spectral_flux+onset+tempo,1.2299559116363523,0.724271833896637
mfcc+mel+tempogram+rms+spectral_flux+onset,1.2473914623260498,0.7135922312736511
mfcc+mel+tempogram+rms+spectral_flux+tempo,1.3136850595474243,0.6844660043716431
mfcc+mel+tempogram+rms+onset+tempo,1.299665927886963,0.7029126286506653
mfcc+mel+tempogram+spectral_flux+onset+tempo,1.261512279510498,0.7106795907020569
mfcc+mel+rms+spectral_flux+onset+tempo,1.345455288887024,0.6834951639175415
mfcc+contrast+tonnetz+tempogram+rms+spectral_flux,1.1831709146499634,0.7097087502479553
mfcc+contrast+tonnetz+tempogram+rms+onset,1.1664623022079468,0.7077670097351074
mfcc+contrast+tonnetz+tempogram+rms+tempo,1.1726374626159668,0.7203883528709412
mfcc+contrast+tonnetz+tempogram+spectral_flux+onset,1.1473379135131836,0.7165048718452454
mfcc+contrast+tonnetz+tempogram+spectral_flux+tempo,1.1591300964355469,0.6990291476249695
mfcc+contrast+tonnetz+tempogram+onset+tempo,1.2054941654205322,0.699999988079071
mfcc+contrast+tonnetz+rms+spectral_flux+onset,1.117956280708313,0.708737850189209
mfcc+contrast+tonnetz+rms+spectral_flux+tempo,1.1618460416793823,0.708737850189209
mfcc+contrast+tonnetz+rms+onset+tempo,1.0846892595291138,0.7330096960067749
mfcc+contrast+tonnetz+spectral_flux+onset+tempo,1.1051579713821411,0.7058252692222595
mfcc+contrast+tempogram+rms+spectral_flux+onset,1.2068253755569458,0.6951456069946289
mfcc+contrast+tempogram+rms+spectral_flux+tempo,1.2307255268096924,0.6737864017486572
mfcc+contrast+tempogram+rms+onset+tempo,1.1829440593719482,0.699999988079071
mfcc+contrast+tempogram+spectral_flux+onset+tempo,1.2232931852340698,0.686407744884491
mfcc+contrast+rms+spectral_flux+onset+tempo,1.1480730772018433,0.6990291476249695
mfcc+tonnetz+tempogram+rms+spectral_flux+onset,1.233277440071106,0.6951456069946289
mfcc+tonnetz+tempogram+rms+spectral_flux+tempo,1.312003254890442,0.6669902801513672
mfcc+tonnetz+tempogram+rms+onset+tempo,1.2072402238845823,0.6970874071121216
mfcc+tonnetz+tempogram+spectral_flux+onset+tempo,1.2709356546401978,0.6543689370155334
mfcc+tonnetz+rms+spectral_flux+onset+tempo,1.2357347011566162,0.6582524180412292
mfcc+tempogram+rms+spectral_flux+onset+tempo,1.2772129774093628,0.6524271965026855
chroma+mel+contrast+tonnetz+tempogram+rms,1.1690865755081177,0.7368931770324707
chroma+mel+contrast+tonnetz+tempogram+spectral_flux,1.1557070016860962,0.7776699066162109
chroma+mel+contrast+tonnetz+tempogram+onset,1.1861979961395264,0.7485436797142029
chroma+mel+contrast+tonnetz+tempogram+tempo,1.1777993440628052,0.7281553149223328
chroma+mel+contrast+tonnetz+rms+spectral_flux,1.2360010147094729,0.731067955493927
chroma+mel+contrast+tonnetz+rms+onset,1.231085181236267,0.7271844744682312
chroma+mel+contrast+tonnetz+rms+tempo,1.2371894121170044,0.7291262149810791
chroma+mel+contrast+tonnetz+spectral_flux+onset,1.2209135293960571,0.7174757122993469
chroma+mel+contrast+tonnetz+spectral_flux+tempo,1.2637557983398438,0.701941728591919
chroma+mel+contrast+tonnetz+onset+tempo,1.239474534988403,0.7233009934425354
chroma+mel+contrast+tempogram+rms+spectral_flux,1.2513660192489624,0.701941728591919
chroma+mel+contrast+tempogram+rms+onset,1.2143489122390747,0.7330096960067749
chroma+mel+contrast+tempogram+rms+tempo,1.2310667037963867,0.7194174528121948
chroma+mel+contrast+tempogram+spectral_flux+onset,1.2485779523849487,0.7184466123580933
chroma+mel+contrast+tempogram+spectral_flux+tempo,1.1927136182785034,0.7368931770324707
chroma+mel+contrast+tempogram+onset+tempo,1.215029239654541,0.7252427339553833
chroma+mel+contrast+rms+spectral_flux+onset,1.2902592420578003,0.7038834691047668
chroma+mel+contrast+rms+spectral_flux+tempo,1.308929204940796,0.6902912855148315
chroma+mel+contrast+rms+onset+tempo,1.2663217782974243,0.715533971786499
chroma+mel+contrast+spectral_flux+onset+tempo,1.2897909879684448,0.7029126286506653
chroma+mel+tonnetz+tempogram+rms+spectral_flux,1.2584666013717651,0.7174757122993469
chroma+mel+tonnetz+tempogram+rms+onset,1.2349207401275637,0.7203883528709412
chroma+mel+tonnetz+tempogram+rms+tempo,1.2259478569030762,0.701941728591919
chroma+mel+tonnetz+tempogram+spectral_flux+onset,1.226722240447998,0.7165048718452454
chroma+mel+tonnetz+tempogram+spectral_flux+tempo,1.2704521417617798,0.701941728591919
chroma+mel+tonnetz+tempogram+onset+tempo,1.2822507619857788,0.7097087502479553
chroma+mel+tonnetz+rms+spectral_flux+onset,1.348181962966919,0.6757281422615051
chroma+mel+tonnetz+rms+spectral_flux+tempo,1.422698736190796,0.6475728154182434
chroma+mel+tonnetz+rms+onset+tempo,1.361496090888977,0.6825242638587952
chroma+mel+tonnetz+spectral_flux+onset+tempo,1.378893494606018,0.6582524180412292
chroma+mel+tempogram+rms+spectral_flux+onset,1.2865896224975586,0.7135922312736511
chroma+mel+tempogram+rms+spectral_flux+tempo,1.3141874074935913,0.686407744884491
chroma+mel+tempogram+rms+onset+tempo,1.2987947463989258,0.6747573018074036
chroma+mel+tempogram+spectral_flux+onset+tempo,1.2714656591415403,0.6970874071121216
chroma+mel+rms+spectral_flux+onset+tempo,1.4747207164764404,0.6262136101722717
chroma+contrast+tonnetz+tempogram+rms+spectral_flux,1.2120035886764526,0.701941728591919
chroma+contrast+tonnetz+tempogram+rms+onset,1.2222615480422974,0.686407744884491
chroma+contrast+tonnetz+tempogram+rms+tempo,1.2611777782440186,0.6737864017486572
chroma+contrast+tonnetz+tempogram+spectral_flux+onset,1.195759415626526,0.6951456069946289
chroma+contrast+tonnetz+tempogram+spectral_flux+tempo,1.232094168663025,0.6990291476249695
chroma+contrast+tonnetz+tempogram+onset+tempo,1.278917908668518,0.6417475938796997
chroma+contrast+tonnetz+rms+spectral_flux+onset,1.253898024559021,0.6388349533081055
chroma+contrast+tonnetz+rms+spectral_flux+tempo,1.2696688175201416,0.6388349533081055
chroma+contrast+tonnetz+rms+onset+tempo,1.2162646055221558,0.662135899066925
chroma+contrast+tonnetz+spectral_flux+onset+tempo,1.2562073469161987,0.6407766938209534
chroma+contrast+tempogram+rms+spectral_flux+onset,1.2647243738174438,0.6592233180999756
chroma+contrast+tempogram+rms+spectral_flux+tempo,1.2708253860473633,0.6524271965026855
chroma+contrast+tempogram+rms+onset+tempo,1.2617437839508057,0.6611650586128235
chroma+contrast+tempogram+spectral_flux+onset+tempo,1.2608577013015747,0.6669902801513672
chroma+contrast+rms+spectral_flux+onset+tempo,1.2711387872695925,0.6368932127952576
chroma+tonnetz+tempogram+rms+spectral_flux+onset,1.306518793106079,0.6640776991844177
chroma+tonnetz+tempogram+rms+spectral_flux+tempo,1.2982406616210938,0.6368932127952576
chroma+tonnetz+tempogram+rms+onset+tempo,1.340648174285889,0.6271844506263733
chroma+tonnetz+tempogram+spectral_flux+onset+tempo,1.3321940898895264,0.6466019153594971
chroma+tonnetz+rms+spectral_flux+onset+tempo,1.4474345445632937,0.5660194158554077
chroma+tempogram+rms+spectral_flux+onset+tempo,1.3650344610214231,0.6281553506851196
mel+contrast+tonnetz+tempogram+rms+spectral_flux,1.2147523164749146,0.7349514365196228
mel+contrast+tonnetz+tempogram+rms+onset,1.1809245347976685,0.7388349771499634
mel+contrast+tonnetz+tempogram+rms+tempo,1.1628820896148682,0.7543689608573914
mel+contrast+tonnetz+tempogram+spectral_flux+onset,1.1746448278427124,0.7281553149223328
mel+contrast+tonnetz+tempogram+spectral_flux+tempo,1.2002732753753662,0.724271833896637
mel+contrast+tonnetz+tempogram+onset+tempo,1.183011531829834,0.7514563202857971
mel+contrast+tonnetz+rms+spectral_flux+onset,1.2307229042053225,0.7184466123580933
mel+contrast+tonnetz+rms+spectral_flux+tempo,1.210527777671814,0.7165048718452454
mel+contrast+tonnetz+rms+onset+tempo,1.1707794666290283,0.7504854202270508
mel+contrast+tonnetz+spectral_flux+onset+tempo,1.2289520502090454,0.715533971786499
mel+contrast+tempogram+rms+spectral_flux+onset,1.2562016248703003,0.7029126286506653
mel+contrast+tempogram+rms+spectral_flux+tempo,1.269270420074463,0.7106795907020569
mel+contrast+tempogram+rms+onset+tempo,1.2564533948898315,0.6883494853973389
mel+contrast+tempogram+spectral_flux+onset+tempo,1.2027288675308228,0.7281553149223328
mel+contrast+rms+spectral_flux+onset+tempo,1.2513419389724731,0.7291262149810791
mel+tonnetz+tempogram+rms+spectral_flux+onset,1.273664116859436,0.6854369044303894
mel+tonnetz+tempogram+rms+spectral_flux+tempo,1.2534513473510742,0.7067961096763611
mel+tonnetz+tempogram+rms+onset+tempo,1.2798932790756226,0.6922330260276794
mel+tonnetz+tempogram+spectral_flux+onset+tempo,1.2477487325668335,0.7106795907020569
mel+tonnetz+rms+spectral_flux+onset+tempo,1.3415896892547607,0.6825242638587952
mel+tempogram+rms+spectral_flux+onset+tempo,1.3368380069732666,0.6640776991844177
contrast+tonnetz+tempogram+rms+spectral_flux+onset,1.2635358572006226,0.6611650586128235
contrast+tonnetz+tempogram+rms+spectral_flux+tempo,1.230513334274292,0.6747573018074036
contrast+tonnetz+tempogram+rms+onset+tempo,1.2370401620864868,0.6786407828330994
contrast+tonnetz+tempogram+spectral_flux+onset+tempo,1.241039514541626,0.6854369044303894
contrast+tonnetz+rms+spectral_flux+onset+tempo,1.2503788471221924,0.6485437154769897
contrast+tempogram+rms+spectral_flux+onset+tempo,1.2823703289031982,0.6563106775283813
tonnetz+tempogram+rms+spectral_flux+onset+tempo,1.2959349155426023,0.6514562964439392
mfcc+chroma+mel+contrast+tonnetz+tempogram+rms,1.1419391632080078,0.7650485634803772
mfcc+chroma+mel+contrast+tonnetz+tempogram+spectral_flux,1.1790945529937744,0.7339805960655212
mfcc+chroma+mel+contrast+tonnetz+tempogram+onset,1.1538392305374146,0.7592232823371887
mfcc+chroma+mel+contrast+tonnetz+tempogram+tempo,1.1448752880096436,0.7553398013114929
mfcc+chroma+mel+contrast+tonnetz+rms+spectral_flux,1.1932506561279297,0.7504854202270508
mfcc+chroma+mel+contrast+tonnetz+rms+onset,1.1247305870056152,0.7718446850776672
mfcc+chroma+mel+contrast+tonnetz+rms+tempo,1.155353307723999,0.7601941823959351
mfcc+chroma+mel+contrast+tonnetz+spectral_flux+onset,1.1089485883712769,0.7747572660446167
mfcc+chroma+mel+contrast+tonnetz+spectral_flux+tempo,1.1802974939346311,0.7456310391426086
mfcc+chroma+mel+contrast+tonnetz+onset+tempo,1.1658271551132202,0.7669903039932251
mfcc+chroma+mel+contrast+tempogram+rms+spectral_flux,1.1906263828277588,0.7233009934425354
mfcc+chroma+mel+contrast+tempogram+rms+onset,1.2237813472747805,0.7291262149810791
mfcc+chroma+mel+contrast+tempogram+rms+tempo,1.1859298944473269,0.7330096960067749
mfcc+chroma+mel+contrast+tempogram+spectral_flux+onset,1.1787489652633667,0.7407767176628113
mfcc+chroma+mel+contrast+tempogram+spectral_flux+tempo,1.1692429780960083,0.7631068229675293
mfcc+chroma+mel+contrast+tempogram+onset+tempo,1.2366361618041992,0.7252427339553833
mfcc+chroma+mel+contrast+rms+spectral_flux+onset,1.1896239519119265,0.7485436797142029
mfcc+chroma+mel+contrast+rms+spectral_flux+tempo,1.1987351179122925,0.7592232823371887
mfcc+chroma+mel+contrast+rms+onset+tempo,1.1861903667449951,0.7679611444473267
mfcc+chroma+mel+contrast+spectral_flux+onset+tempo,1.2179081439971924,0.7388349771499634
mfcc+chroma+mel+tonnetz+tempogram+rms+spectral_flux,1.2302314043045044,0.7330096960067749
mfcc+chroma+mel+tonnetz+tempogram+rms+onset,1.1811009645462036,0.7456310391426086
mfcc+chroma+mel+tonnetz+tempogram+rms+tempo,1.188294529914856,0.7359223365783691
mfcc+chroma+mel+tonnetz+tempogram+spectral_flux+onset,1.178454875946045,0.7398058176040649
mfcc+chroma+mel+tonnetz+tempogram+spectral_flux+tempo,1.19190776348114,0.7563107013702393
mfcc+chroma+mel+tonnetz+tempogram+onset+tempo,1.1883738040924072,0.7417475581169128
mfcc+chroma+mel+tonnetz+rms+spectral_flux+onset,1.232899188995361,0.7368931770324707
mfcc+chroma+mel+tonnetz+rms+spectral_flux+tempo,1.3354613780975342,0.6961165070533752
mfcc+chroma+mel+tonnetz+rms+onset+tempo,1.2916626930236816,0.715533971786499
mfcc+chroma+mel+tonnetz+spectral_flux+onset+tempo,1.2503247261047363,0.7407767176628113
mfcc+chroma+mel+tempogram+rms+spectral_flux+onset,1.2519341707229614,0.7194174528121948
mfcc+chroma+mel+tempogram+rms+spectral_flux+tempo,1.2591725587844849,0.7058252692222595
mfcc+chroma+mel+tempogram+rms+onset+tempo,1.2855799198150637,0.7126213312149048
mfcc+chroma+mel+tempogram+spectral_flux+onset+tempo,1.2559483051300049,0.715533971786499
mfcc+chroma+mel+rms+spectral_flux+onset+tempo,1.2983026504516602,0.7213592529296875
mfcc+chroma+contrast+tonnetz+tempogram+rms+spectral_flux,1.1619398593902588,0.7174757122993469
mfcc+chroma+contrast+tonnetz+tempogram+rms+onset,1.139799952507019,0.7233009934425354
mfcc+chroma+contrast+tonnetz+tempogram+rms+tempo,1.1905903816223145,0.7048543691635132
mfcc+chroma+contrast+tonnetz+tempogram+spectral_flux+onset,1.1390509605407717,0.7359223365783691
mfcc+chroma+contrast+tonnetz+tempogram+spectral_flux+tempo,1.16693913936615,0.7223300933837891
mfcc+chroma+contrast+tonnetz+tempogram+onset+tempo,1.209672212600708,0.6912621259689331
mfcc+chroma+contrast+tonnetz+rms+spectral_flux+onset,1.0684621334075928,0.7417475581169128
mfcc+chroma+contrast+tonnetz+rms+spectral_flux+tempo,1.1092461347579956,0.7291262149810791
mfcc+chroma+contrast+tonnetz+rms+onset+tempo,1.0414766073226929,0.7679611444473267
mfcc+chroma+contrast+tonnetz+spectral_flux+onset+tempo,1.0453211069107056,0.7475728392601013
mfcc+chroma+contrast+tempogram+rms+spectral_flux+onset,1.202636480331421,0.7097087502479553
mfcc+chroma+contrast+tempogram+rms+spectral_flux+tempo,1.181493878364563,0.7194174528121948
mfcc+chroma+contrast+tempogram+rms+onset+tempo,1.1536036729812622,0.715533971786499
mfcc+chroma+contrast+tempogram+spectral_flux+onset+tempo,1.299638271331787,0.6873786449432373
mfcc+chroma+contrast+rms+spectral_flux+onset+tempo,1.0927706956863403,0.731067955493927
mfcc+chroma+tonnetz+tempogram+rms+spectral_flux+onset,1.225704312324524,0.6834951639175415
mfcc+chroma+tonnetz+tempogram+rms+spectral_flux+tempo,1.1824026107788086,0.7097087502479553
mfcc+chroma+tonnetz+tempogram+rms+onset+tempo,1.2332407236099243,0.6766990423202515
mfcc+chroma+tonnetz+tempogram+spectral_flux+onset+tempo,1.2242696285247805,0.6757281422615051
mfcc+chroma+tonnetz+rms+spectral_flux+onset+tempo,1.2848244905471802,0.6436893343925476
mfcc+chroma+tempogram+rms+spectral_flux+onset+tempo,1.26361882686615,0.6737864017486572
mfcc+mel+contrast+tonnetz+tempogram+rms+spectral_flux,1.1672440767288208,0.7300971150398254
mfcc+mel+contrast+tonnetz+tempogram+rms+onset,1.149210810661316,0.737864077091217
mfcc+mel+contrast+tonnetz+tempogram+rms+tempo,1.16997230052948,0.762135922908783
mfcc+mel+contrast+tonnetz+tempogram+spectral_flux+onset,1.1483430862426758,0.753398060798645
mfcc+mel+contrast+tonnetz+tempogram+spectral_flux+tempo,1.1044336557388306,0.7524271607398987
mfcc+mel+contrast+tonnetz+tempogram+onset+tempo,1.1252871751785278,0.7631068229675293
mfcc+mel+contrast+tonnetz+rms+spectral_flux+onset,1.1601706743240356,0.7417475581169128
mfcc+mel+contrast+tonnetz+rms+spectral_flux+tempo,1.1901928186416626,0.7436892986297607
mfcc+mel+contrast+tonnetz+rms+onset+tempo,1.1346980333328247,0.7737864255905151
mfcc+mel+contrast+tonnetz+spectral_flux+onset+tempo,1.1381458044052124,0.762135922908783
mfcc+mel+contrast+tempogram+rms+spectral_flux+onset,1.199863076210022,0.7223300933837891
mfcc+mel+contrast+tempogram+rms+spectral_flux+tempo,1.182247757911682,0.7252427339553833
mfcc+mel+contrast+tempogram+rms+onset+tempo,1.2133556604385376,0.724271833896637
mfcc+mel+contrast+tempogram+spectral_flux+onset+tempo,1.193764328956604,0.7281553149223328
mfcc+mel+contrast+rms+spectral_flux+onset+tempo,1.2756985425949097,0.699999988079071
mfcc+mel+tonnetz+tempogram+rms+spectral_flux+onset,1.204209804534912,0.7398058176040649
mfcc+mel+tonnetz+tempogram+rms+spectral_flux+tempo,1.2279771566390991,0.7135922312736511
mfcc+mel+tonnetz+tempogram+rms+onset+tempo,1.256295680999756,0.6951456069946289
mfcc+mel+tonnetz+tempogram+spectral_flux+onset+tempo,1.1619164943695068,0.7524271607398987
mfcc+mel+tonnetz+rms+spectral_flux+onset+tempo,1.272745966911316,0.7048543691635132
mfcc+mel+tempogram+rms+spectral_flux+onset+tempo,1.2399470806121826,0.7038834691047668
mfcc+contrast+tonnetz+tempogram+rms+spectral_flux+onset,1.1345062255859375,0.7262135744094849
mfcc+contrast+tonnetz+tempogram+rms+spectral_flux+tempo,1.1832436323165894,0.6961165070533752
mfcc+contrast+tonnetz+tempogram+rms+onset+tempo,1.188663125038147,0.6990291476249695
mfcc+contrast+tonnetz+tempogram+spectral_flux+onset+tempo,1.1712201833724976,0.7252427339553833
mfcc+contrast+tonnetz+rms+spectral_flux+onset+tempo,1.083528995513916,0.7291262149810791
mfcc+contrast+tempogram+rms+spectral_flux+onset+tempo,1.2103919982910156,0.6990291476249695
mfcc+tonnetz+tempogram+rms+spectral_flux+onset+tempo,1.2113940715789795,0.693203866481781
chroma+mel+contrast+tonnetz+tempogram+rms+spectral_flux,1.1425617933273315,0.7592232823371887
chroma+mel+contrast+tonnetz+tempogram+rms+onset,1.1639376878738403,0.7543689608573914
chroma+mel+contrast+tonnetz+tempogram+rms+tempo,1.247736573219299,0.7223300933837891
chroma+mel+contrast+tonnetz+tempogram+spectral_flux+onset,1.178007960319519,0.7368931770324707
chroma+mel+contrast+tonnetz+tempogram+spectral_flux+tempo,1.160869002342224,0.7524271607398987
chroma+mel+contrast+tonnetz+tempogram+onset+tempo,1.171755075454712,0.7582524418830872
chroma+mel+contrast+tonnetz+rms+spectral_flux+onset,1.1699495315551758,0.7368931770324707
chroma+mel+contrast+tonnetz+rms+spectral_flux+tempo,1.206324338912964,0.7407767176628113
chroma+mel+contrast+tonnetz+rms+onset+tempo,1.16568124294281,0.7485436797142029
chroma+mel+contrast+tonnetz+spectral_flux+onset+tempo,1.206803560256958,0.7359223365783691
chroma+mel+contrast+tempogram+rms+spectral_flux+onset,1.202327847480774,0.7388349771499634
chroma+mel+contrast+tempogram+rms+spectral_flux+tempo,1.239209771156311,0.7203883528709412
chroma+mel+contrast+tempogram+rms+onset+tempo,1.2483915090560913,0.7067961096763611
chroma+mel+contrast+tempogram+spectral_flux+onset+tempo,1.2170411348342896,0.7359223365783691
chroma+mel+contrast+rms+spectral_flux+onset+tempo,1.2629038095474243,0.7300971150398254
chroma+mel+tonnetz+tempogram+rms+spectral_flux+onset,1.2813434600830078,0.7067961096763611
chroma+mel+tonnetz+tempogram+rms+spectral_flux+tempo,1.2664947509765625,0.699999988079071
chroma+mel+tonnetz+tempogram+rms+onset+tempo,1.2491260766983032,0.7077670097351074
chroma+mel+tonnetz+tempogram+spectral_flux+onset+tempo,1.266146183013916,0.7067961096763611
chroma+mel+tonnetz+rms+spectral_flux+onset+tempo,1.3740384578704834,0.6737864017486572
chroma+mel+tempogram+rms+spectral_flux+onset+tempo,1.342577576637268,0.6650485396385193
chroma+contrast+tonnetz+tempogram+rms+spectral_flux+onset,1.19988751411438,0.7058252692222595
chroma+contrast+tonnetz+tempogram+rms+spectral_flux+tempo,1.2269366979599,0.6825242638587952
chroma+contrast+tonnetz+tempogram+rms+onset+tempo,1.2526410818099976,0.662135899066925
chroma+contrast+tonnetz+tempogram+spectral_flux+onset+tempo,1.2178168296813965,0.7097087502479553
chroma+contrast+tonnetz+rms+spectral_flux+onset+tempo,1.232026219367981,0.6485437154769897
chroma+contrast+tempogram+rms+spectral_flux+onset+tempo,1.248160481452942,0.6611650586128235
chroma+tonnetz+tempogram+rms+spectral_flux+onset+tempo,1.294446587562561,0.6524271965026855
mel+contrast+tonnetz+tempogram+rms+spectral_flux+onset,1.2251564264297483,0.7281553149223328
mel+contrast+tonnetz+tempogram+rms+spectral_flux+tempo,1.2098336219787598,0.7368931770324707
mel+contrast+tonnetz+tempogram+rms+onset+tempo,1.2009644508361816,0.7262135744094849
mel+contrast+tonnetz+tempogram+spectral_flux+onset+tempo,1.180144429206848,0.7524271607398987
mel+contrast+tonnetz+rms+spectral_flux+onset+tempo,1.2211273908615112,0.715533971786499
mel+contrast+tempogram+rms+spectral_flux+onset+tempo,1.2323956489562988,0.7184466123580933
mel+tonnetz+tempogram+rms+spectral_flux+onset+tempo,1.2986183166503906,0.677669882774353
contrast+tonnetz+tempogram+rms+spectral_flux+onset+tempo,1.1966813802719116,0.693203866481781
mfcc+chroma+mel+contrast+tonnetz+tempogram+rms+spectral_flux,1.1401808261871338,0.7495145797729492
mfcc+chroma+mel+contrast+tonnetz+tempogram+rms+onset,1.1300948858261108,0.7572815418243408
mfcc+chroma+mel+contrast+tonnetz+tempogram+rms+tempo,1.2195096015930176,0.7174757122993469
mfcc+chroma+mel+contrast+tonnetz+tempogram+spectral_flux+onset,1.1842482089996338,0.7359223365783691
mfcc+chroma+mel+contrast+tonnetz+tempogram+spectral_flux+tempo,1.1550253629684448,0.7524271607398987
mfcc+chroma+mel+contrast+tonnetz+tempogram+onset+tempo,1.1620641946792605,0.7640776634216309
mfcc+chroma+mel+contrast+tonnetz+rms+spectral_flux+onset,1.232964277267456,0.7262135744094849
mfcc+chroma+mel+contrast+tonnetz+rms+spectral_flux+tempo,1.1625758409500122,0.762135922908783
mfcc+chroma+mel+contrast+tonnetz+rms+onset+tempo,1.1520953178405762,0.7728155255317688
mfcc+chroma+mel+contrast+tonnetz+spectral_flux+onset+tempo,1.1614280939102173,0.768932044506073
mfcc+chroma+mel+contrast+tempogram+rms+spectral_flux+onset,1.2041784524917605,0.7407767176628113
mfcc+chroma+mel+contrast+tempogram+rms+spectral_flux+tempo,1.1696701049804688,0.7485436797142029
mfcc+chroma+mel+contrast+tempogram+rms+onset+tempo,1.1776683330535889,0.7456310391426086
mfcc+chroma+mel+contrast+tempogram+spectral_flux+onset+tempo,1.1638692617416382,0.7436892986297607
mfcc+chroma+mel+contrast+rms+spectral_flux+onset+tempo,1.1549725532531738,0.7640776634216309
mfcc+chroma+mel+tonnetz+tempogram+rms+spectral_flux+onset,1.1673375368118286,0.7320388555526733
mfcc+chroma+mel+tonnetz+tempogram+rms+spectral_flux+tempo,1.2056983709335327,0.7291262149810791
mfcc+chroma+mel+tonnetz+tempogram+rms+onset+tempo,1.2255425453186035,0.7339805960655212
mfcc+chroma+mel+tonnetz+tempogram+spectral_flux+onset+tempo,1.1969174146652222,0.7330096960067749
mfcc+chroma+mel+tonnetz+rms+spectral_flux+onset+tempo,1.3158053159713743,0.7038834691047668
mfcc+chroma+mel+tempogram+rms+spectral_flux+onset+tempo,1.257645606994629,0.7281553149223328
mfcc+chroma+contrast+tonnetz+tempogram+rms+spectral_flux+onset,1.1087616682052612,0.7388349771499634
mfcc+chroma+contrast+tonnetz+tempogram+rms+spectral_flux+tempo,1.1723544597625732,0.7048543691635132
mfcc+chroma+contrast+tonnetz+tempogram+rms+onset+tempo,1.1205737590789795,0.7475728392601013
mfcc+chroma+contrast+tonnetz+tempogram+spectral_flux+onset+tempo,1.1980738639831543,0.699999988079071
mfcc+chroma+contrast+tonnetz+rms+spectral_flux+onset+tempo,1.0808230638504028,0.7436892986297607
mfcc+chroma+contrast+tempogram+rms+spectral_flux+onset+tempo,1.2097399234771729,0.6902912855148315
mfcc+chroma+tonnetz+tempogram+rms+spectral_flux+onset+tempo,1.225223422050476,0.7097087502479553
mfcc+mel+contrast+tonnetz+tempogram+rms+spectral_flux+onset,1.2062959671020508,0.7339805960655212
mfcc+mel+contrast+tonnetz+tempogram+rms+spectral_flux+tempo,1.1386346817016602,0.7660194039344788
mfcc+mel+contrast+tonnetz+tempogram+rms+onset+tempo,1.1482067108154297,0.7640776634216309
mfcc+mel+contrast+tonnetz+tempogram+spectral_flux+onset+tempo,1.119110107421875,0.768932044506073
mfcc+mel+contrast+tonnetz+rms+spectral_flux+onset+tempo,1.1576908826828003,0.7524271607398987
mfcc+mel+contrast+tempogram+rms+spectral_flux+onset+tempo,1.1838011741638184,0.7514563202857971
mfcc+mel+tonnetz+tempogram+rms+spectral_flux+onset+tempo,1.2425212860107422,0.7067961096763611
mfcc+contrast+tonnetz+tempogram+rms+spectral_flux+onset+tempo,1.2021441459655762,0.6961165070533752
chroma+mel+contrast+tonnetz+tempogram+rms+spectral_flux+onset,1.1703410148620605,0.7553398013114929
chroma+mel+contrast+tonnetz+tempogram+rms+spectral_flux+tempo,1.2083277702331543,0.7145631313323975
chroma+mel+contrast+tonnetz+tempogram+rms+onset+tempo,1.1746490001678467,0.7611650228500366
chroma+mel+contrast+tonnetz+tempogram+spectral_flux+onset+tempo,1.1768237352371216,0.7495145797729492
chroma+mel+contrast+tonnetz+rms+spectral_flux+onset+tempo,1.2179863452911377,0.7252427339553833
chroma+mel+contrast+tempogram+rms+spectral_flux+onset+tempo,1.2177119255065918,0.7398058176040649
chroma+mel+tonnetz+tempogram+rms+spectral_flux+onset+tempo,1.2516047954559326,0.7194174528121948
chroma+contrast+tonnetz+tempogram+rms+spectral_flux+onset+tempo,1.1540473699569702,0.699999988079071
mel+contrast+tonnetz+tempogram+rms+spectral_flux+onset+tempo,1.2010555267333984,0.7368931770324707
mfcc+chroma+mel+contrast+tonnetz+tempogram+rms+spectral_flux+onset,1.07489812374115,0.7873786687850952
mfcc+chroma+mel+contrast+tonnetz+tempogram+rms+spectral_flux+tempo,1.12944495677948,0.7640776634216309
mfcc+chroma+mel+contrast+tonnetz+tempogram+rms+onset+tempo,1.1894577741622925,0.7271844744682312
mfcc+chroma+mel+contrast+tonnetz+tempogram+spectral_flux+onset+tempo,1.1913132667541504,0.731067955493927
mfcc+chroma+mel+contrast+tonnetz+rms+spectral_flux+onset+tempo,1.118773341178894,0.7796116471290588
mfcc+chroma+mel+contrast+tempogram+rms+spectral_flux+onset+tempo,1.2343552112579346,0.7145631313323975
mfcc+chroma+mel+tonnetz+tempogram+rms+spectral_flux+onset+tempo,1.1708743572235107,0.7495145797729492
mfcc+chroma+contrast+tonnetz+tempogram+rms+spectral_flux+onset+tempo,1.1385793685913086,0.7291262149810791
mfcc+mel+contrast+tonnetz+tempogram+rms+spectral_flux+onset+tempo,1.1444493532180786,0.7514563202857971
chroma+mel+contrast+tonnetz+tempogram+rms+spectral_flux+onset+tempo,1.2102086544036865,0.737864077091217
mfcc+chroma+mel+contrast+tonnetz+tempogram+rms+spectral_flux+onset+tempo,1.1691510677337646,0.762135922908783
